"BRIGHT STARS,",Ascension,Declination
9072,00 00 15.8,C06 57 57
9076,00 00 51.9,65 28 27
9084,00 02 31.3,76 57 49
9089,00 02 54.5,05 54 41
9098,00 04 41.2,17 13 59
3,00 06 17.0,05 36 15
15,00 09 20.9,C29 11 33
21,00 10 10.6,C59 15 06
25,00 10 20.7,45 38 44
27,00 11 17.4,C46 10 31
34,00 12 30.6,27 41 49
35,00 12 40.2,35 01 47
39,00 14 11.4,C15 17 11
45,00 15 33.8,C20 18 34
48,00 15 34.7,18 49 50
68,00 19 18.0,C36 53 16
74,00 20 22.2,08 43 17
77,00 21 01.4,64 45 58
80,00 21 33.1,C08 17 34
82,00 22 06.1,C38 04 15
90,00 25 00.9,C38 40 45
98,00 26 41.9,77 09 01
100,00 27 06.5,43 34 39
99,00 27 11.7,42 12 20
118,00 31 18.0,23 41 08
125,00 32 18.2,48 42 05
126,00 32 23.1,62 51 23
130,00 34 04.0,C63 02 01
154,00 37 52.4,C33 49 15
153,00 38 00.7,C53 59 54
157,00 38 21.0,C35 30 04
163,00 39 32.3,C29 24 43
165,00 40 19.3,C30 57 43
168,00 41 34.1,C56 38 19
180,00 42 11.7,45 59 01
191,00 44 10.8,57 21 43
188,00 44 31.0,17 53 07
193,00 45 45.9,C48 23 07
215,00 48 19.4,C24 22 03
236,00 49 13.6,74 49 23
224,00 49 38.6,C07 41 08
225,00 49 57.2,C17 02 25
219,00 50 14.2,C57 54 46
226,00 50 50.5,C41 10 46
235,00 51 03.2,10 32 42
233,00 51 52.0,C64 20 52
248,00 53 57.3,01 02 39
270,00 55 41.4,69 25 38
269,00 57 47.2,C38 35 58
264,00 57 50.4,C60 48 59
271,00 58 11.9,C23 31 02
274,00 58 50.5,C29 05 31
280,00 59 29.7,29 15 28
293,01 03 19.3,31 27 10
294,01 03 54.3,C07 59 22
322,01 06 54.3,46 37 10
332,01 08 02.4,61 40 37
331,01 08 38.4,41 23 18
338,01 09 09.5,55 08 50
321,01 09 31.1,C55 00 38
334,01 09 31.2,10 05 05
335,01 10 35.1,C47 20 24
337,01 10 46.4,C35 43 05
285,01 11 38.8,C86 21 19
343,01 12 14.5,C55 14 52
351,01 12 27.1,C21 07 57
352,01 12 41.1,C30 11 15
361,01 14 42.0,C07 40 22
378,01 18 45.3,C03 42 41
383,01 20 29.3,C27 21 39
382,01 21 15.6,C58 19 42
390,01 23 26.3,C45 37 31
402,01 24 56.9,08 05 18
403,01 27 02.5,C60 19 51
399,01 27 15.9,C68 13 33
414,01 27 41.8,C19 20 09
417,01 28 46.3,C45 30 06
429,01 29 10.0,43 13 26
433,01 30 29.4,21 32 03
440,01 32 01.2,48 58 37
437,01 32 28.6,C15 26 26
458,01 37 53.4,C41 29 50
472,01 38 24.0,57 08 36
464,01 39 08.3,C48 43 16
456,01 40 01.9,C73 08 00
489,01 42 23.8,C05 34 50
497,01 42 58.6,32 14 04
500,01 43 39.7,03 35 52
496,01 44 49.9,C50 46 52
509,01 44 55.7,15 50 26
510,01 46 22.4,C09 15 00
514,01 46 30.7,24 57 39
513,01 46 55.0,05 38 29
531,01 50 29.7,10 35 44
539,01 52 22.5,10 14 39
544,01 54 08.5,C29 40 06
555,01 54 23.1,46 12 46
549,01 54 30.9,C03 16 41
558,01 55 08.0,42 24 24
570,01 55 24.4,67 33 24
553,01 55 40.0,C20 53 52
542,01 55 44.8,C63 45 37
566,01 56 40.6,51 31 03
591,01 59 21.1,61 28 49
585,02 00 52.6,20 59 20
596,02 03 00.4,C02 51 09
590,02 03 32.8,C54 34 34
603,02 05 02.6,C42 25 03
580,02 05 03.2,C72 30 35
612,02 05 19.2,29 12 31
617,02 08 13.2,C23 32 57
622,02 10 39.1,C35 04 26
652,02 13 43.3,30 38 16
649,02 13 59.0,C08 55 58
645,02 14 50.9,C51 09 03
641,02 15 00.9,C58 38 47
674,02 17 10.2,51 25 38
666,02 17 54.5,06 20 16
664,02 18 25.2,C33 55 55
681,02 20 17.0,02 53 40
670,02 20 29.0,C47 27 52
705,02 22 05.0,68 34 32
715,02 22 59.8,73 33 44
695,02 23 23.3,23 43 58
714,02 25 25.0,60 13 47
708,02 26 50.7,12 12 28
721,02 27 39.8,47 37 17
718,02 29 08.7,C08 32 31
717,02 29 15.4,C29 45 03
707,02 30 36.9,C67 29 04
776,02 31 19.7,79 01 42
740,02 32 57.9,15 09 52
736,02 33 14.3,C36 13 42
754,02 36 50.9,C05 40 23
753,02 37 05.9,C06 58 27
743,02 39 50.0,C72 53 51
773,02 39 52.3,C22 02 25
806,02 39 52.8,68 11 17
779,02 40 26.0,C00 24 27
802,02 41 14.2,54 28 17
794,02 41 23.8,39 46 37
804,02 44 15.7,C03 18 46
801,02 44 32.5,C27 47 05
811,02 45 00.2,13 46 52
800,02 45 18.0,C44 22 28
799,02 45 28.4,C49 18 20
813,02 45 56.7,C10 11 29
818,02 45 58.0,18 29 42
841,02 49 51.9,32 19 44
838,02 51 04.7,C27 20 08
840,02 51 45.5,C38 23 37
850,02 51 52.7,20 55 43
834,02 52 03.6,C55 58 15
847,02 52 31.1,C15 09 26
868,02 54 29.7,49 48 53
424,02 55 00.0,C89 20 31
854,02 55 34.9,C52 50 13
874,02 57 19.9,08 49 32
875,02 57 33.2,03 38 20
897,02 58 57.8,40 13 53
882,03 00 12.8,C35 15 22
896,03 00 42.6,C08 58 48
939,03 02 18.5,71 49 49
919,03 03 12.5,23 33 10
911,03 03 14.9,C04 09 41
934,03 04 03.1,59 39 59
915,03 06 08.9,C53 34 39
921,03 06 22.1,C38 54 38
881,03 08 41.4,C79 29 20
936,03 09 22.8,C41 01 32
937,03 10 24.7,C49 40 57
941,03 10 45.1,C44 55 35
951,03 12 41.5,C19 47 44
963,03 12 51.8,28 54 57
977,03 13 01.4,57 15 10
962,03 13 43.2,01 07 41
972,03 15 58.1,C21 06 42
984,03 16 44.0,08 45 07
987,03 19 57.4,C50 17 19
996,03 20 20.0,C03 26 13
1003,03 20 20.4,21 41 29
1008,03 20 40.0,43 00 00
999,03 21 27.8,C29 06 51
1005,03 22 17.9,C21 12 45
961,03 22 44.8,C77 48 00
1017,03 25 39.2,C49 55 32
1030,03 25 48.7,C09 05 34
1009,03 26 18.1,C64 39 01
1029,03 27 16.7,C49 11 04
1038,03 28 10.5,C09 47 46
1083,03 29 42.3,62 52 22
1035,03 30 34.9,C60 00 11
1040,03 31 24.2,C58 56 28
1070,03 31 32.2,05 00 46
1052,03 31 53.3,C48 03 27
1066,03 31 53.8,C12 59 56
1084,03 33 48.2,09 23 48
1088,03 34 36.4,21 34 19
1100,03 37 08.0,17 24 25
1106,03 37 45.6,40 12 53
1087,03 37 48.8,C48 15 09
1101,03 37 49.1,C00 27 33
1134,03 42 59.1,31 52 49
1105,03 43 46.7,C63 16 30
1136,03 44 08.2,09 42 07
1122,03 44 15.0,C47 50 42
1175,03 44 26.2,64 44 57
1146,03 45 27.0,01 06 21
1131,03 45 29.0,C32 20 44
1142,03 45 58.7,C24 10 13
1145,03 46 18.8,C24 31 26
1135,03 46 27.4,C42 38 08
1153,03 46 39.6,C06 06 24
1149,03 46 55.9,C24 25 27
1208,03 46 58.3,74 10 55
1162,03 47 01.1,12 02 41
1156,03 47 25.7,C24 00 17
1173,03 47 38.7,23 11 46
1165,03 48 35.3,C24 09 40
1195,03 50 08.8,36 08 42
1178,03 50 16.0,C24 06 31
1155,03 51 14.1,C65 34 52
1148,03 52 20.5,C71 23 13
1203,03 55 18.0,C31 56 14
1231,03 58 53.6,13 27 25
1247,03 59 02.6,61 20 54
1220,03 59 06.1,C40 03 44
1228,04 00 10.2,C35 50 34
1239,04 01 42.5,C12 32 29
1244,04 02 28.4,01 29 56
1251,04 04 08.6,C06 02 22
1256,04 05 47.5,C22 07 52
1261,04 07 58.2,C50 23 59
1279,04 08 45.0,C15 12 39
1273,04 10 00.7,C47 45 37
1283,04 10 14.8,C19 39 24
1270,04 11 02.3,C59 57 20
1287,04 11 57.7,C26 31 40
1298,04 12 46.2,06 47 26
1326,04 14 37.0,42 14 59
1336,04 14 40.0,62 25 40
1325,04 16 07.4,07 37 31
1303,04 16 15.8,C48 27 16
1338,04 16 30.8,51 26 26
1320,04 16 32.5,C08 56 15
1355,04 16 48.4,59 15 29
1319,04 16 49.4,C15 26 44
1347,04 18 35.7,33 45 15
1346,04 20 50.9,C15 40 15
1351,04 21 00.4,C14 04 42
1367,04 21 27.5,20 35 48
1343,04 21 37.0,C34 36 35
1395,04 22 05.6,63 20 34
1327,04 22 25.7,C65 11 00
1373,04 24 00.3,C17 35 04
1376,04 24 28.9,C16 49 08
1383,04 24 36.2,03 42 14
1393,04 24 44.0,33 58 29
1387,04 26 28.5,C22 20 05
1389,04 26 33.8,C17 58 08
1394,04 27 24.1,C15 39 32
1392,04 27 25.1,C22 51 15
1411,04 29 38.0,C16 00 07
1409,04 29 42.0,C19 13 12
1412,04 29 43.3,C15 54 38
1443,04 31 24.2,44 54 53
1453,04 34 14.1,29 43 48
1465,04 34 23.9,55 00 26
1444,04 34 54.0,C14 52 55
1464,04 36 16.2,30 31 32
1458,04 36 40.3,C10 11 50
1492,04 36 58.7,62 02 28
1457,04 36 59.1,C16 32 42
1463,04 37 14.7,03 18 57
1454,04 37 58.6,C41 18 04
1481,04 39 01.7,14 16 09
1473,04 39 11.6,C12 32 48
1502,04 41 09.5,41 49 45
1496,04 41 15.1,19 38 14
1503,04 42 42.8,37 06 33
1497,04 43 21.5,C22 59 27
1520,04 46 25.7,03 13 19
1511,04 49 33.2,C56 47 17
1543,04 50 50.8,C06 59 32
1533,04 51 09.6,C37 31 09
1544,04 51 37.3,C08 55 50
1552,04 52 11.6,C05 38 07
1547,04 52 27.5,C18 52 11
1556,04 53 34.9,C14 16 48
1560,04 53 48.3,05 25 23
1629,04 54 40.1,74 54 28
1567,04 55 13.0,C02 28 11
1542,04 55 54.1,C66 22 18
1580,04 57 24.8,C13 32 32
1577,04 58 12.1,C33 11 37
1568,04 58 46.5,C53 46 47
1601,04 59 30.5,C01 44 28
1605,05 03 18.0,C43 50 56
1612,05 03 46.5,C41 06 04
1620,05 04 12.2,C21 36 53
1603,05 05 04.3,C60 28 01
1663,05 05 26.9,49 33 12
1638,05 05 37.7,C15 25 42
1674,05 05 49.8,57 26 53
1654,05 06 14.7,22 20 50
1641,05 07 48.9,C41 15 28
1666,05 08 45.6,05 03 50
1679,05 10 02.0,08 43 54
1672,05 10 20.8,C09 51 07
1696,05 13 09.7,11 50 54
1744,05 13 44.9,67 09 52
1702,05 13 45.8,16 11 05
1705,05 14 05.2,12 55 14
1698,05 14 15.6,C02 52 55
1689,05 14 41.8,C38 30 17
1713,05 15 25.7,08 10 54
1708,05 18 03.5,C46 00 53
1743,05 18 09.2,34 52 41
1735,05 18 30.3,06 49 33
1767,05 19 49.4,50 35 12
1756,05 20 25.7,13 09 32
1729,05 20 26.7,C40 06 49
1765,05 22 42.5,00 21 56
1784,05 24 50.4,07 47 33
1788,05 25 24.5,02 22 53
1686,05 25 38.4,C79 14 53
1790,05 26 07.5,C06 21 54
1791,05 27 27.8,C28 37 17
1808,05 28 14.9,C17 58 36
1829,05 29 02.3,20 44 45
1856,05 30 40.1,47 03 54
1953,05 31 09.8,76 19 36
1839,05 31 46.5,C05 57 39
1862,05 31 52.2,35 27 29
1802,05 31 55.3,C63 04 49
1852,05 32 57.2,00 17 12
1845,05 33 17.9,C18 36 23
1865,05 33 32.8,17 48 37
1922,05 33 47.3,62 28 41
1843,05 33 56.0,C32 12 14
1876,05 35 50.2,C09 30 02
1879,05 36 09.5,C09 56 42
1890,05 36 16.8,04 29 00
1891,05 36 17.3,04 24 49
1899,05 36 20.3,05 53 57
1903,05 37 09.2,01 11 29
1907,05 37 55.4,C09 17 57
1910,05 38 45.1,C21 09 08
1931,05 39 40.5,02 35 27
1956,05 40 19.2,34 03 55
1948,05 41 41.6,01 56 03
2015,05 44 48.5,65 43 43
1983,05 45 14.1,22 26 37
1971,05 47 20.1,C49 49 56
2020,05 47 43.4,51 03 38
1998,05 47 47.7,14 48 59
1990,05 48 31.0,C17 44 04
2004,05 48 38.1,09 39 52
2042,05 50 09.9,56 09 45
2049,05 51 18.4,52 06 19
2040,05 51 36.8,35 45 44
2035,05 52 07.1,20 52 43
2012,05 52 46.4,C39 09 07
2034,05 54 29.5,C27 36 54
2047,05 55 28.8,C20 16 41
2061,05 56 10.4,C07 24 33
2029,05 56 23.9,C55 42 32
2085,05 57 14.9,14 09 56
2106,05 58 11.6,35 16 56
2120,05 59 42.8,42 48 54
2103,05 59 46.7,C00 33 12
2088,06 00 53.2,C44 56 50
2095,06 00 59.0,C37 12 43
2077,06 01 03.1,C54 17 02
2091,06 01 18.5,C45 56 11
2124,06 03 24.1,C09 38 45
2135,06 05 01.1,C20 08 11
2134,06 05 14.7,C23 15 38
2148,06 05 48.7,16 29 13
2221,06 08 37.1,68 50 50
2159,06 08 37.7,C14 45 53
2261,06 09 41.3,74 45 31
2180,06 09 44.6,22 25 55
2212,06 10 39.6,54 58 24
2199,06 12 59.5,C14 12 11
2165,06 14 42.7,C65 42 43
2227,06 15 45.5,06 16 54
2216,06 15 59.7,C22 29 59
2219,06 16 33.4,C29 29 22
2256,06 17 12.7,35 08 52
2241,06 17 29.0,C12 15 56
2273,06 20 36.3,07 49 55
2209,06 20 52.9,C69 18 37
2282,06 21 01.4,30 04 21
2238,06 21 15.2,C59 00 07
2296,06 22 47.4,33 26 48
2294,06 23 30.9,17 57 59
2286,06 24 04.8,C22 30 09
2326,06 24 21.8,52 42 23
2298,06 24 44.9,C04 34 55
2305,06 25 02.1,11 32 29
2289,06 26 19.3,C49 16 35
2361,06 28 51.4,32 35 34
2344,06 28 52.4,04 46 30
2343,06 30 03.7,C20 11 56
2387,06 32 37.6,23 25 58
2392,06 33 38.9,11 10 52
2385,06 33 54.3,C07 19 05
2395,06 34 34.3,01 14 08
2435,06 35 23.1,52 59 29
2414,06 35 49.9,22 58 50
2429,06 37 29.5,19 16 22
2451,06 38 19.7,43 12 47
2443,06 38 42.3,18 15 17
2421,06 38 46.8,C16 22 54
2456,06 41 59.8,C09 52 38
2478,06 45 01.9,C13 12 28
2473,06 45 04.2,C25 06 40
2513,06 45 51.7,52 13 17
2491,06 45 57.4,16 44 35
2484,06 46 19.6,C12 52 27
2518,06 47 59.4,37 57 04
2483,06 48 04.2,C43 33 26
2550,06 48 22.8,61 57 42
2506,06 48 49.5,C02 23 26
2487,06 49 04.0,C48 46 05
2401,06 49 21.5,C79 32 25
2554,06 50 15.4,53 38 41
2553,06 50 23.7,50 38 14
2538,06 50 32.0,32 31 51
2602,06 51 14.0,70 59 10
2534,06 51 35.8,08 03 50
2540,06 54 00.4,C33 56 14
2580,06 54 54.0,24 12 30
2591,06 55 01.7,42 23 23
2574,06 55 03.0,12 03 47
2511,06 55 41.3,C68 51 50
2596,06 56 57.8,17 04 46
2560,06 58 52.4,C58 23 47
2618,06 59 21.2,28 59 54
2646,07 02 27.4,27 57 45
2527,07 02 44.3,C76 57 00
2630,07 03 32.4,C24 11 15
2653,07 03 47.8,23 51 41
2657,07 04 35.7,15 39 43
2666,07 04 38.0,42 21 56
2683,07 04 39.0,56 46 42
2650,07 05 12.3,C20 32 30
2736,07 08 35.1,70 31 44
2693,07 09 08.6,26 25 25
2701,07 11 08.8,04 16 02
2697,07 12 18.9,C30 12 48
2714,07 12 48.5,00 31 29
2696,07 12 55.5,C39 17 19
2740,07 13 05.3,46 47 27
2706,07 13 33.8,C24 05 46
2748,07 14 06.2,44 40 14
2717,07 14 26.0,C16 07 34
2745,07 15 00.5,26 23 08
2749,07 15 33.7,26 48 21
2803,07 16 49.0,67 59 28
2773,07 17 47.8,37 07 54
2763,07 19 09.3,C16 30 20
2782,07 19 28.5,24 59 21
2777,07 21 13.6,C21 56 48
2827,07 24 49.6,29 20 25
2805,07 25 25.1,C40 38 06
2821,07 26 52.4,C27 45 35
2845,07 28 09.2,C08 15 02
2854,07 29 10.2,C08 53 12
2878,07 29 49.1,43 20 23
2852,07 30 18.0,C31 44 47
2864,07 30 49.5,C11 58 01
2906,07 34 50.7,22 20 13
2891,07 35 46.4,C31 50 44
2890,07 35 46.7,C31 50 47
2934,07 36 07.2,52 34 33
2905,07 37 03.6,C26 51 11
2937,07 38 03.2,35 00 40
2927,07 38 11.9,04 09 13
2943,07 40 16.3,C05 10 33
3024,07 41 34.9,72 39 01
2974,07 41 35.7,31 42 19
2970,07 42 07.9,09 35 44
2973,07 44 27.9,C28 50 14
2996,07 44 33.1,29 00 00
2946,07 44 33.8,C58 39 54
2985,07 45 33.8,C24 21 08
3017,07 45 54.9,38 00 52
2990,07 46 26.7,C27 58 48
3015,07 46 48.0,14 36 36
3003,07 47 11.6,C18 27 49
3008,07 47 17.2,C10 43 19
2999,07 47 53.1,C37 28 16
3037,07 48 05.1,46 39 18
2609,07 48 29.2,C86 58 29
3013,07 48 41.7,C33 22 08
3034,07 48 51.3,25 59 03
3055,07 49 48.1,46 25 14
3045,07 50 04.4,24 54 26
3059,07 52 39.5,C01 43 06
3080,07 52 51.2,40 37 28
3084,07 53 18.0,38 54 42
3090,07 53 50.8,48 09 07
3067,07 54 37.6,C26 42 59
3066,07 56 03.2,C47 30 54
3117,07 57 14.9,53 01 57
3102,07 57 39.3,22 55 50
3113,07 58 24.4,30 23 07
3129,07 58 46.4,49 17 45
3153,07 59 56.4,60 38 18
3122,08 00 39.6,03 43 52
3131,08 00 41.8,18 27 04
3075,08 02 22.5,C73 51 57
3145,08 03 13.6,C02 16 57
3165,08 04 14.1,40 03 22
3149,08 04 39.1,C27 44 28
3223,08 07 59.0,68 40 17
3185,08 08 19.9,24 21 31
3188,08 09 31.4,03 02 20
3173,08 09 50.5,C51 27 06
3192,08 09 51.2,19 18 01
3207,08 10 06.2,47 23 30
3225,08 12 01.2,39 40 28
3229,08 14 11.0,15 50 42
3182,08 14 37.9,C68 25 03
3243,08 14 42.4,40 24 19
3249,08 17 31.0,C09 07 38
3318,08 18 01.2,76 58 39
3270,08 19 14.9,36 43 03
3340,08 20 03.4,77 32 36
3262,08 21 11.1,C27 09 23
3282,08 22 06.8,33 06 51
3307,08 22 53.5,59 34 10
3275,08 24 05.7,C43 07 38
3315,08 25 51.7,24 06 26
3347,08 25 56.0,66 11 56
3314,08 26 35.1,03 58 04
3323,08 31 47.2,C60 39 16
3366,08 33 46.5,C20 22 38
3426,08 38 17.7,43 03 16
3410,08 38 38.1,C05 38 17
3418,08 39 43.4,C03 16 31
3502,08 40 39.2,79 01 47
3447,08 40 49.4,52 59 17
3438,08 40 49.6,35 22 29
3431,08 40 54.1,12 32 30
3457,08 41 01.5,59 49 39
3445,08 41 14.4,46 42 55
3422,08 42 17.4,C45 46 04
3454,08 44 11.4,C03 19 52
3468,08 44 20.2,33 15 14
3449,08 44 21.2,C21 24 03
3477,08 45 03.6,42 43 01
3485,08 45 12.9,54 46 38
3461,08 45 44.0,C18 05 07
3487,08 46 39.3,46 06 35
3498,08 47 11.2,56 50 18
3484,08 47 15.0,13 36 59
3482,08 47 45.2,C06 21 00
3475,08 47 48.8,C28 41 28
3492,08 49 24.7,C05 46 06
3500,08 50 17.5,03 30 46
3518,08 51 19.1,27 46 45
3678,08 53 38.8,85 44 03
3571,08 55 27.9,60 42 56
3547,08 56 22.2,C05 52 27
3582,08 57 25.5,59 18 04
3572,08 59 29.8,C11 47 06
3569,09 00 28.0,C47 58 05
3575,09 00 40.6,C32 20 44
3591,09 00 46.9,41 19 35
3579,09 01 50.0,C41 42 30
3615,09 02 44.1,66 28 13
3576,09 04 11.3,C67 33 21
3614,09 04 47.6,47 10 19
3594,09 04 52.8,C47 04 55
3643,09 05 11.0,72 40 38
3612,09 07 42.0,C38 22 38
3634,09 08 40.7,43 30 29
3623,09 08 44.8,C10 35 34
3619,09 10 10.0,C51 31 43
3627,09 10 25.2,C21 58 10
3659,09 11 27.3,59 02 35
3663,09 11 41.9,62 23 36
3685,09 13 23.7,69 47 37
3652,09 15 00.4,C43 08 25
3665,09 15 19.5,C02 14 07
3696,09 16 43.4,57 37 10
3699,09 17 35.1,59 21 12
3690,09 19 59.4,C36 43 24
3705,09 22 10.6,C34 18 48
3718,09 22 18.8,26 02 42
3734,09 22 41.2,55 05 25
3731,09 25 43.7,C26 06 06
3748,09 28 29.8,08 44 23
3765,09 30 00.6,36 01 58
3786,09 31 25.9,40 32 55
3821,09 31 43.9,73 09 47
3803,09 31 47.1,57 06 59
3816,09 32 42.5,62 52 16
3773,09 32 46.4,C22 53 08
3782,09 32 56.5,C11 13 01
3757,09 32 58.1,C62 58 47
3808,09 34 03.6,21 11 54
3775,09 34 05.1,C51 35 31
3825,09 34 58.9,59 18 46
3800,09 35 21.1,C36 18 52
3799,09 36 04.9,C51 58 05
3771,09 36 05.1,C69 44 51
3836,09 37 29.4,49 26 18
3834,09 39 25.1,C04 33 54
3751,09 39 35.5,C81 14 33
3845,09 40 48.0,01 13 39
3849,09 41 11.6,14 25 01
3852,09 42 08.2,C09 48 26
3866,09 44 44.2,C13 56 10
3871,09 45 01.6,27 51 17
3884,09 45 45.3,62 35 37
3873,09 46 53.9,C23 41 18
3890,09 47 33.8,65 09 29
3882,09 48 33.1,C11 20 32
3881,09 49 46.5,C45 56 02
3888,09 52 17.4,C58 57 03
3903,09 52 22.1,14 56 03
3905,09 53 48.7,C25 55 08
3923,09 55 44.6,19 05 52
3940,09 57 30.8,54 39 23
3928,09 58 48.6,C40 58 00
3947,09 59 40.0,35 58 48
3950,10 01 11.4,C07 57 17
3951,10 02 04.4,C31 49 55
3970,10 06 01.6,13 09 18
3975,10 08 20.3,C16 40 18
3974,10 08 30.9,C35 09 14
3980,10 08 53.1,C09 54 22
3981,10 08 53.1,00 27 46
3982,10 09 21.3,C11 52 34
3994,10 11 29.4,12 26 46
4037,10 14 10.5,70 07 48
4023,10 15 30.9,42 12 51
4050,10 17 42.2,61 25 30
4031,10 17 43.0,C23 19 28
4033,10 18 12.3,C42 49 17
4042,10 18 33.0,08 09 43
4049,10 18 58.6,29 05 06
4057,10 20 59.4,C19 44 50
4080,10 23 07.4,41 44 37
4069,10 23 25.5,C41 24 21
4086,10 24 18.1,38 06 15
4102,10 24 45.5,74 07 33
4072,10 25 26.6,C65 28 20
4094,10 26 59.2,16 55 52
4104,10 28 00.0,31 09 45
4114,10 28 33.7,58 50 03
4100,10 28 56.8,C36 36 42
4116,10 30 25.1,02 50 03
4112,10 31 47.9,C55 53 06
4140,10 32 41.2,61 46 51
4127,10 33 10.9,C14 02 30
4084,10 33 11.1,C82 27 47
4143,10 33 43.9,47 05 57
4133,10 33 47.0,C09 12 39
4145,10 34 53.8,23 50 27
4174,10 35 40.4,78 42 14
4159,10 36 18.2,57 39 14
4141,10 36 20.4,C56 59 12
4126,10 36 36.9,C75 37 00
4167,10 38 05.0,48 19 19
4166,10 39 45.4,C31 52 47
4180,10 40 02.8,55 42 00
4199,10 43 37.3,64 29 30
4181,10 44 22.0,C68 58 44
4192,10 44 25.1,C23 05 28
4191,10 44 37.7,C46 06 22
4234,10 45 56.2,80 38 16
4203,10 46 53.4,C30 35 04
4208,10 47 24.2,C18 47 37
4216,10 47 34.2,49 31 06
4227,10 50 13.7,C10 26 49
4232,10 50 32.3,16 17 27
4257,10 54 15.1,58 57 06
4247,10 54 20.5,C34 06 53
4259,10 56 36.7,C24 39 02
4273,10 57 35.0,37 14 15
4277,11 00 29.8,C40 19 52
4287,11 00 40.6,18 23 51
4293,11 01 00.4,42 19 31
4291,11 01 30.9,C03 31 04
4295,11 02 56.8,C56 16 58
4300,11 03 18.9,C20 04 49
4301,11 04 51.2,C61 39 03
4310,11 05 58.2,C07 14 08
4314,11 06 13.5,27 23 38
4337,11 09 23.2,59 04 32
4335,11 10 41.8,C44 23 52
4343,11 12 34.2,22 55 38
4350,11 13 23.9,49 12 06
4357,11 15 05.4,C20 25 19
4359,11 15 12.6,C15 19 41
4368,11 17 36.2,03 45 11
4369,11 17 54.5,07 14 09
4377,11 19 28.4,C32 59 35
4380,11 20 08.1,C38 05 02
4382,11 20 16.0,14 52 44
4390,11 21 51.4,54 35 33
4386,11 22 05.4,C05 55 40
4399,11 24 53.2,C10 25 39
4405,11 25 48.5,17 47 09
4418,11 28 53.3,C02 45 15
4434,11 32 28.9,C69 13 44
4450,11 33 54.9,31 57 36
4467,11 36 38.6,63 07 20
4466,11 36 49.7,47 44 40
4468,11 37 37.3,09 54 17
4471,11 37 53.8,00 55 34
4494,11 41 08.2,34 50 50
4496,11 42 01.2,C34 05 49
4504,11 43 29.4,C66 38 33
4511,11 44 24.7,62 35 32
4514,11 45 42.2,18 27 13
4520,11 46 29.5,66 49 53
4517,11 46 48.6,C06 25 32
4518,11 47 01.2,C47 40 36
4522,11 47 25.1,61 16 53
4527,11 48 56.3,C20 06 58
4532,11 49 41.3,26 51 10
4534,11 50 00.1,C14 28 07
4537,11 50 35.7,63 53 29
4540,11 51 39.5,C01 39 37
4546,11 52 04.5,45 16 35
4552,11 53 50.8,34 00 40
4554,11 54 47.8,C53 35 31
4564,11 56 37.5,C15 32 38
4567,11 56 57.7,17 15 14
4589,12 01 49.3,C06 30 40
4599,12 03 58.7,63 24 57
4600,12 04 37.4,42 32 15
4608,12 06 09.1,C08 37 49
4616,12 07 51.6,64 43 01
4618,12 09 03.2,50 45 51
4621,12 09 19.5,50 49 31
4623,12 09 22.3,24 49 55
4630,12 11 04.7,22 43 21
4638,12 12 37.6,52 28 17
4646,12 13 02.7,C77 30 49
4656,12 16 08.3,58 51 06
4660,12 16 20.0,C56 55 48
4662,12 16 45.6,17 38 40
4671,12 18 35.2,68 03 49
4679,12 19 27.2,64 06 21
4674,12 19 28.3,79 24 53
4690,12 20 43.1,C48 52 54
4689,12 20 51.2,00 46 10
4695,12 21 17.4,C03 12 35
4700,12 22 22.2,60 30 11
4707,12 23 26.0,C25 44 37
4728,12 26 45.4,C38 54 58
4730,12 27 38.5,63 12 05
4737,12 27 51.5,C28 09 57
4743,12 29 02.9,50 19 58
4748,12 29 21.8,39 08 36
4760,12 30 48.8,C58 18 15
4757,12 30 49.4,16 37 06
4763,12 32 12.2,57 13 00
4775,12 33 01.6,16 17 54
4773,12 33 35.7,72 14 06
4787,12 34 15.8,C69 41 11
4783,12 34 33.4,C33 08 44
4785,12 34 37.0,C41 15 26
4786,12 35 21.7,23 29 56
4789,12 35 46.3,C22 31 40
4792,12 36 03.4,C18 16 32
4798,12 38 18.4,69 14 14
4802,12 38 43.4,48 38 34
4813,12 40 12.2,08 05 50
4819,12 42 32.8,49 03 40
4825,12 42 35.9,01 33 03
4826,12 42 35.9,01 33 01
4828,12 42 49.2,C10 08 02
4839,12 45 00.0,28 25 31
4846,12 45 59.8,C45 20 22
4847,12 46 33.1,C07 34 21
4844,12 47 26.1,68 12 32
4853,12 48 48.9,59 47 22
4874,12 51 41.7,34 05 59
4883,12 52 35.9,C27 26 25
4888,12 54 10.2,49 02 37
4889,12 54 28.1,40 16 45
4905,12 54 50.3,C55 51 35
4902,12 55 19.0,09 38 21
4898,12 55 41.6,57 16 41
4916,12 56 12.4,C65 20 18
4910,12 56 32.2,C03 17 50
4915,12 56 53.4,C38 13 08
4870,12 57 07.6,85 13 23
4931,13 01 31.1,C56 16 01
4932,13 03 05.9,C10 51 36
4923,13 03 34.3,71 38 53
4943,13 06 36.2,C35 42 01
4942,13 08 00.0,50 00 18
4963,13 10 54.6,05 38 14
4983,13 12 44.1,C27 47 05
4993,13 16 31.5,67 59 31
5006,13 17 55.1,31 36 13
5017,13 18 22.2,C40 28 32
5015,13 18 32.4,C05 22 22
5019,13 19 22.6,18 24 49
5020,13 19 55.9,23 16 07
5028,13 21 38.6,36 48 34
5035,13 23 50.6,61 05 05
5054,13 24 40.1,C54 49 45
5062,13 25 57.8,C54 53 31
5056,13 26 10.2,11 15 26
5064,13 27 42.0,12 48 12
5085,13 29 07.7,C59 51 02
5072,13 29 20.1,C13 40 50
5089,13 32 07.4,39 30 08
5105,13 35 04.2,C03 33 52
5110,13 35 37.3,C37 05 17
5107,13 35 38.2,00 41 23
5139,13 37 37.8,C71 08 54
5132,13 41 04.3,53 33 35
5134,13 41 09.0,50 02 35
5150,13 42 35.2,08 47 45
5168,13 46 44.7,33 08 12
5185,13 48 08.5,C17 21 55
5191,13 48 16.1,C49 13 17
5171,13 48 29.4,62 40 53
5200,13 50 22.2,C15 42 24
5192,13 50 31.4,34 32 33
5190,13 50 37.3,41 46 45
5193,13 50 44.3,42 33 55
5196,13 50 52.8,18 13 32
5226,13 51 58.4,C64 37 56
5235,13 55 33.9,C18 18 20
5231,13 56 42.2,47 22 43
5241,13 59 00.4,63 46 35
5248,13 59 24.2,42 11 25
5250,13 59 33.7,25 03 42
5249,13 59 49.8,44 53 35
5264,14 02 35.4,C01 27 21
5260,14 02 53.3,45 41 32
5270,14 03 26.3,C09 35 50
5291,14 04 53.5,C64 17 16
5267,14 05 08.7,60 27 41
5285,14 07 11.0,41 16 03
5261,14 07 11.6,76 53 05
5287,14 07 25.8,26 46 14
5288,14 07 46.7,36 27 36
5299,14 08 40.1,C43 46 01
5321,14 08 48.2,C77 27 38
5304,14 11 14.5,C25 00 17
5315,14 13 53.1,10 21 32
5340,14 16 30.3,C19 05 12
5350,14 16 49.2,C51 16 57
5338,14 16 59.2,06 05 17
5351,14 17 05.2,C46 00 14
5361,14 18 46.7,C35 25 29
5359,14 20 06.8,13 27 19
5365,14 20 10.0,C12 55 11
5354,14 20 35.8,46 08 33
5358,14 21 37.9,56 28 14
5367,14 21 41.3,37 58 10
5378,14 24 11.1,39 35 43
5392,14 25 06.7,C05 44 13
5404,14 25 49.6,C51 45 57
5390,14 25 52.2,24 53 22
5405,14 27 19.0,C19 08 40
5395,14 27 20.0,45 18 15
5396,14 27 22.7,45 27 43
5430,14 27 30.5,C75 36 49
5409,14 29 09.4,02 18 36
5407,14 29 15.7,29 34 26
5339,14 30 06.4,83 45 00
5429,14 32 37.6,C30 17 27
5435,14 32 49.3,C38 13 41
5425,14 33 52.5,50 32 17
5447,14 35 29.1,C29 39 56
5440,14 36 41.4,42 14 17
5453,14 39 08.5,49 30 19
5468,14 39 31.5,C44 19 31
5460,14 40 52.0,60 54 38
5459,14 40 52.3,60 54 42
5478,14 42 02.0,C13 38 59
5471,14 43 06.9,37 52 19
5469,14 43 10.1,47 27 59
5463,14 44 01.4,65 03 15
5487,14 44 02.3,05 44 16
5490,14 44 14.2,C26 27 00
5485,14 44 47.7,35 15 08
5506,14 45 47.7,C26 59 49
5511,14 47 11.1,C01 48 57
5495,14 48 19.6,52 27 38
5516,14 48 49.9,26 09 50
5470,14 50 14.7,79 07 16
5563,14 50 40.2,C74 04 47
5526,14 51 22.8,28 02 11
5530,14 51 42.7,16 04 23
5531,14 51 54.3,16 07 03
5552,14 51 54.7,C59 13 09
5528,14 52 51.2,43 39 03
5558,14 56 53.2,33 55 47
5564,14 57 46.5,11 29 00
5589,14 57 53.0,C65 51 33
5570,14 58 09.1,04 25 15
5571,14 59 45.1,43 12 26
5576,15 00 22.3,42 10 38
5586,15 01 57.8,08 35 29
5602,15 02 38.6,C40 19 06
5601,15 03 50.2,C02 01 11
5603,15 05 09.4,25 21 13
5616,15 05 14.3,C26 52 35
5635,15 06 48.5,C54 29 08
5634,15 08 06.8,C24 47 53
5626,15 10 05.9,45 20 59
5646,15 13 13.8,48 48 24
5652,15 13 16.8,19 51 38
5649,15 13 37.5,52 10 06
5691,15 14 51.5,C67 16 36
5660,15 15 45.6,31 35 13
5675,15 16 06.6,C04 52 18
5681,15 16 14.9,C33 14 48
5685,15 18 00.3,09 27 00
5686,15 18 57.7,30 12 56
5670,15 18 58.6,58 52 07
5683,15 19 49.7,47 56 31
5671,15 20 39.8,68 44 46
5735,15 20 42.8,C71 46 05
5695,15 22 35.6,40 42 47
5705,15 22 59.1,36 19 38
5708,15 23 56.7,44 45 17
5712,15 24 20.6,36 55 25
5704,15 24 51.9,59 23 09
5733,15 25 11.4,C37 18 47
5744,15 25 20.6,C58 54 06
5739,15 26 38.9,C15 21 50
5747,15 28 35.5,C29 02 34
5763,15 31 35.7,C40 46 15
5730,15 33 34.1,73 27 05
5778,15 33 40.6,C31 17 51
5777,15 35 11.5,10 07 36
5793,15 35 28.3,C26 39 12
5789,15 35 41.2,C10 28 41
5776,15 36 22.8,41 13 39
5787,15 36 33.8,14 51 00
5784,15 37 28.6,44 27 26
5794,15 38 09.1,28 11 42
5771,15 38 26.1,66 22 38
5823,15 38 29.5,C40 17 38
5797,15 39 18.4,42 37 36
5812,15 39 47.8,29 50 14
5798,15 40 12.5,52 25 56
5838,15 43 00.9,19 44 15
5903,15 43 26.1,C77 44 12
5849,15 43 31.2,C26 14 17
5854,15 45 10.8,C06 22 07
5886,15 46 57.2,C62 32 34
5867,15 47 02.5,C15 21 54
5868,15 47 20.6,C07 17 46
5879,15 49 34.4,C18 05 08
5889,15 50 22.2,C26 00 46
5881,15 50 35.2,03 29 08
5892,15 51 44.4,C04 25 24
5901,15 51 55.8,C35 36 03
5883,15 52 08.4,33 40 55
5914,15 53 19.0,C42 24 02
5902,15 54 24.7,20 13 16
5908,15 54 52.9,16 46 56
5897,15 56 47.3,63 29 09
5933,15 57 18.5,C15 36 08
5928,15 58 01.8,29 16 00
5960,15 58 13.9,C54 41 53
5947,15 58 21.3,C26 49 31
5941,15 59 13.7,14 19 53
5944,15 59 58.5,26 09 57
5958,16 00 16.7,C25 52 07
5943,16 00 46.2,41 47 45
5948,16 01 21.2,38 26 53
5954,16 01 22.0,16 35 12
5953,16 01 25.8,22 40 23
5986,16 02 14.3,C58 30 59
5984,16 06 30.9,19 51 17
5985,16 06 31.2,19 51 04
5980,16 07 48.3,45 13 18
5987,16 07 48.7,36 51 04
5993,16 07 53.5,20 43 05
5997,16 08 29.6,20 55 03
6008,16 08 54.7,C16 59 56
6023,16 09 21.2,C44 53 14
6018,16 09 38.9,C36 26 42
6079,16 10 19.3,C75 49 49
6027,16 13 04.4,19 30 27
6024,16 14 56.8,54 40 35
6056,16 15 19.0,03 44 26
6116,16 16 59.1,C75 42 43
6030,16 17 08.2,63 43 51
6075,16 19 18.1,04 44 11
6092,16 20 17.9,C46 16 12
6077,16 20 43.2,30 57 00
6072,16 21 13.9,50 11 57
6084,16 22 19.0,25 38 08
6095,16 22 44.2,C19 06 39
6093,16 23 00.6,C00 59 12
6020,16 23 10.3,78 44 19
6132,16 24 14.7,C61 28 22
6104,16 25 11.3,20 04 45
6117,16 26 16.2,C13 59 31
6161,16 27 57.3,C68 43 41
6118,16 28 05.9,18 29 48
6115,16 28 32.8,47 35 43
6098,16 30 28.8,70 07 24
6134,16 30 32.7,26 28 18
6148,16 31 01.0,C21 27 01
6149,16 31 50.9,C01 56 41
6147,16 32 12.0,16 39 06
6143,16 32 35.7,34 44 35
6153,16 33 14.1,21 30 16
6168,16 34 42.0,C42 23 59
6102,16 36 20.7,78 56 06
6165,16 37 02.2,28 15 10
6166,16 37 35.7,35 17 30
6175,16 38 10.8,10 36 11
6200,16 39 15.1,C48 53 34
6212,16 41 59.1,C31 34 12
6196,16 42 38.7,17 46 35
6220,16 43 31.9,C38 53 17
6322,16 44 08.3,C82 00 15
6237,16 45 39.0,C56 44 58
6163,16 45 45.7,77 33 09
6217,16 50 38.4,69 03 32
6243,16 50 51.5,10 48 51
6241,16 51 21.9,34 19 31
6229,16 51 23.5,59 04 20
6270,16 52 31.3,C24 37 35
6247,16 53 07.6,38 04 39
6252,16 53 35.5,38 02 50
6279,16 53 40.2,C31 40 19
6281,16 54 53.0,C10 08 10
6271,16 55 53.3,42 23 28
6299,16 58 32.7,C09 20 51
6285,17 00 09.4,56 01 02
6324,17 00 59.9,C30 54 01
6295,17 01 03.8,53 11 13
6318,17 02 02.2,04 14 56
6332,17 02 17.4,C33 32 33
6355,17 06 14.2,C12 43 00
6396,17 08 50.6,C65 41 31
6378,17 11 26.4,15 44 47
6380,17 13 28.9,43 15 42
6406,17 15 29.5,C14 22 14
6418,17 15 41.5,C36 47 21
6410,17 15 47.5,C24 49 07
6452,17 21 07.8,C18 02 21
6458,17 21 21.2,C32 26 42
6446,17 21 52.2,12 51 51
6445,17 22 07.0,21 07 52
6453,17 23 08.8,25 00 59
6411,17 24 10.3,70 08 23
6789,17 26 20.2,C86 34 23
6461,17 26 50.5,55 32 43
6462,17 26 57.3,56 23 35
6498,17 27 26.0,C04 07 32
6486,17 27 30.1,24 11 27
6493,17 27 36.8,05 06 06
6492,17 28 32.2,29 52 56
6536,17 30 51.1,C52 17 18
6526,17 31 29.2,C26 05 52
6566,17 31 53.6,C68 07 23
6508,17 32 01.4,37 18 32
6554,17 32 32.5,C55 10 20
6555,17 32 38.0,C55 09 39
6500,17 32 46.4,60 41 49
6510,17 33 16.4,49 53 20
6527,17 34 52.0,37 06 56
6556,17 35 47.6,C12 32 52
6596,17 36 50.7,C68 44 57
6546,17 37 49.4,38 38 47
6561,17 38 38.8,15 24 31
6553,17 38 39.0,43 00 28
6588,17 39 59.3,C45 59 50
6636,17 41 36.9,C72 08 21
6581,17 42 27.3,12 53 01
6580,17 43 46.1,39 02 16
6608,17 44 07.1,C24 19 15
6603,17 44 23.2,C04 33 39
6595,17 44 32.4,21 41 26
6585,17 45 36.9,51 50 31
6623,17 47 11.0,C27 42 39
6582,17 47 33.1,64 43 49
6701,17 48 37.5,C76 57 33
6616,17 48 43.5,27 50 10
6629,17 48 49.3,C02 42 06
6615,17 48 52.8,40 07 56
6630,17 51 07.1,37 02 51
6688,17 53 51.0,C56 52 13
6685,17 56 10.0,C26 02 53
6695,17 56 53.3,C37 14 57
6705,17 57 02.2,C51 29 14
6703,17 58 29.0,C29 14 49
6707,17 59 12.7,C30 11 20
6698,18 00 02.7,09 46 28
6713,18 00 52.9,C16 45 04
6714,18 01 34.3,C02 55 55
6723,18 02 41.5,C01 18 22
6742,18 06 12.1,29 34 39
6752,18 06 23.2,C02 29 52
6746,18 06 59.8,30 25 20
6791,18 08 02.2,C43 27 54
6743,18 08 04.3,50 05 18
6771,18 08 13.6,C09 34 04
6779,18 08 15.9,C28 45 58
6787,18 09 33.0,C20 49 07
6745,18 10 21.6,63 39 55
6783,18 12 36.1,45 56 57
6850,18 14 00.2,C64 24 13
6812,18 14 52.2,21 03 09
6819,18 18 41.0,56 00 55
6832,18 18 52.7,36 45 16
6920,18 20 29.4,C71 20 50
6872,18 20 30.6,C36 04 26
6927,18 20 43.3,C72 44 26
6866,18 21 47.5,C03 23 12
6859,18 22 10.7,29 49 07
6869,18 22 16.1,02 53 34
6895,18 24 29.2,C21 46 46
6855,18 24 55.8,61 28 59
6879,18 25 24.0,34 22 27
6897,18 28 20.6,45 57 23
6913,18 29 06.7,25 24 36
6930,18 30 15.1,14 33 09
6905,18 30 15.3,49 03 31
6935,18 30 38.8,01 58 19
6951,18 34 49.4,42 17 50
6973,18 36 12.8,08 13 47
6985,18 37 20.8,C09 08 18
7001,18 37 33.9,C38 48 07
7020,18 43 17.2,09 02 00
7032,18 44 31.7,08 15 20
6982,18 45 11.2,71 24 33
7056,18 45 24.6,C37 37 31
7124,18 45 45.8,C75 27 18
7061,18 46 27.5,C20 33 55
7039,18 46 48.7,26 58 12
7064,18 46 49.2,C26 40 59
7069,18 47 50.3,C18 12 12
7063,18 48 09.4,04 43 36
7066,18 48 28.2,05 41 02
7062,18 50 10.5,43 39 29
7106,18 50 45.8,C33 23 06
7125,18 51 28.4,C59 24 41
7074,18 53 55.5,62 09 50
7180,18 54 09.9,C71 19 18
7139,18 55 09.1,C36 55 23
7157,18 55 53.9,C43 58 17
7121,18 56 24.7,26 16 20
7141,18 57 08.3,C04 13 44
7150,18 58 50.0,21 04 51
7107,18 58 50.9,67 12 28
7178,18 59 38.2,C32 42 57
7134,18 59 56.3,52 54 45
7176,19 00 27.7,C15 05 41
7193,19 02 40.1,05 42 42
7194,19 03 47.2,29 51 07
6721,19 05 11.0,87 34 48
7217,19 05 47.4,21 42 46
7235,19 06 15.6,C13 53 32
7236,19 07 13.8,04 51 12
7262,19 07 57.8,C36 07 48
7234,19 08 05.6,27 38 30
7254,19 10 43.7,37 52 26
7264,19 10 51.8,20 59 34
7259,19 11 17.9,39 18 35
7310,19 12 33.3,C67 41 39
7279,19 13 40.9,07 54 26
7298,19 14 23.3,C39 10 43
7352,19 15 11.1,C73 23 21
7314,19 17 00.6,C38 10 03
7328,19 17 31.8,C53 24 11
7315,19 18 41.1,C11 37 48
7304,19 18 42.9,18 55 07
7340,19 22 44.7,17 48 39
7342,19 22 47.1,15 55 08
7337,19 23 57.8,44 25 21
7343,19 24 33.1,44 45 47
7348,19 25 09.9,40 34 46
7373,19 25 51.1,C11 59 07
7377,19 26 25.8,C03 09 11
7405,19 29 28.5,C24 42 12
7420,19 30 10.3,C51 46 11
7417,19 31 28.1,C27 59 58
7414,19 31 37.9,02 44 57
7462,19 32 19.2,C69 41 33
7426,19 32 27.6,C34 29 36
7429,19 34 59.6,C07 25 10
7424,19 36 35.0,48 03 27
7469,19 36 56.3,C50 15 53
7447,19 37 40.7,01 14 40
7440,19 37 49.9,24 50 29
7446,19 37 53.1,06 59 06
7479,19 40 55.4,C18 03 27
7495,19 41 24.4,C45 34 10
7476,19 41 46.9,16 14 58
7488,19 41 52.8,C17 31 12
7503,19 42 18.5,C50 34 07
7504,19 42 21.5,C50 33 40
7489,19 43 34.5,16 04 45
7506,19 44 29.1,C25 49 02
7517,19 44 56.7,C37 24 00
7528,19 45 33.2,C45 10 36
7525,19 47 08.3,C10 39 34
7515,19 47 26.4,19 42 55
7582,19 48 06.1,C70 18 54
7536,19 48 12.7,C18 34 52
7510,19 49 31.3,56 18 59
7564,19 51 16.6,C32 57 42
7557,19 51 41.1,C08 55 06
7553,19 51 47.8,10 42 55
7589,19 52 32.5,C47 04 33
7552,19 53 05.7,39 49 33
7574,19 53 11.3,C18 43 14
7570,19 53 24.9,C01 03 16
7575,19 54 16.8,03 03 55
7602,19 56 13.3,C06 27 15
7581,19 56 32.0,41 49 05
7615,19 57 00.0,C35 08 00
7614,19 58 59.9,15 26 28
7635,19 59 34.8,C19 32 36
7623,20 00 56.2,35 13 29
7653,20 01 51.8,C27 48 20
7590,20 02 42.0,72 51 33
7650,20 03 47.5,27 39 25
7750,20 08 14.0,C77 45 59
7673,20 08 47.7,52 49 34
7708,20 10 06.9,C36 53 42
7665,20 10 31.4,66 07 58
7710,20 12 15.5,00 45 56
7740,20 13 49.6,C56 37 29
7735,20 14 12.9,C46 47 53
7724,20 15 08.0,C15 15 18
7751,20 16 02.6,C47 46 18
7753,20 17 34.6,C24 43 45
7763,20 18 28.1,C38 05 29
7747,20 18 40.3,12 26 59
7754,20 19 04.7,12 29 11
7776,20 22 02.9,14 43 18
7796,20 22 53.6,C40 19 00
7794,20 24 05.7,C05 24 12
7806,20 24 36.0,C32 15 03
7790,20 27 06.0,56 40 27
7850,20 29 53.3,C63 03 24
7834,20 30 09.1,C30 25 52
7831,20 30 37.0,02 49 22
7879,20 31 14.6,C75 01 04
7852,20 34 05.8,C11 22 02
7882,20 38 25.0,C14 39 37
7869,20 38 51.6,47 13 32
7884,20 39 17.5,01 02 22
7891,20 39 20.9,C21 16 01
7896,20 40 01.7,C10 09 09
7906,20 40 29.8,C15 58 42
7900,20 41 06.0,18 04 21
7921,20 41 47.5,C32 22 26
7924,20 42 03.8,C45 20 50
7928,20 44 19.4,C15 08 31
7920,20 45 23.2,51 51 12
7957,20 45 39.8,C61 54 40
7955,20 45 48.6,C57 38 48
7942,20 46 25.6,C30 47 17
7913,20 46 36.2,66 08 06
7949,20 46 57.6,C34 02 25
7936,20 47 11.3,25 12 12
7948,20 47 31.0,C16 11 31
7963,20 48 07.8,C36 33 34
7950,20 48 40.5,09 25 37
7951,20 48 42.7,04 57 32
7977,20 49 34.1,C46 11 00
7943,20 49 44.0,43 55 11
7980,20 52 55.3,26 50 56
7990,20 53 39.0,08 54 46
8008,20 55 21.0,C28 07 44
7986,20 56 14.5,58 22 58
8023,20 57 14.0,C44 59 48
8028,20 57 51.9,C41 14 21
8032,20 59 06.0,C22 23 54
8047,21 00 27.4,C47 35 38
8033,21 00 39.1,18 57 45
8039,21 02 25.3,32 11 04
8048,21 04 08.5,38 33 29
8079,21 05 36.3,C44 00 08
8021,21 06 53.7,76 57 04
8075,21 06 59.1,17 09 30
8085,21 07 43.8,C38 50 29
8086,21 07 45.1,C38 50 00
8080,21 08 12.4,24 55 51
8093,21 10 36.0,11 17 45
8097,21 11 14.5,C10 12 25
8115,21 13 43.5,C30 18 13
8110,21 14 22.9,27 32 34
8092,21 15 02.7,70 02 57
8123,21 15 22.9,C10 04 58
8130,21 15 31.9,C38 07 30
8131,21 16 44.9,C05 19 31
8143,21 18 08.6,C39 28 22
8146,21 18 40.8,C34 58 31
8162,21 19 01.2,C62 39 52
8135,21 19 03.3,32 05 39
8140,21 21 10.4,53 22 15
8151,21 21 56.3,40 43 48
8173,21 22 56.6,C19 53 04
8167,21 23 16.4,16 45 17
7228,21 24 02.0,88 52 43
8187,21 25 12.0,12 47 52
8209,21 26 32.5,C36 44 53
8204,21 27 43.2,22 19 49
8181,21 27 57.0,65 16 52
8238,21 28 53.5,C70 38 32
8213,21 29 46.5,21 43 33
8228,21 30 08.0,C46 37 22
8225,21 30 47.2,C23 43 14
8232,21 32 31.9,05 29 20
8252,21 34 40.7,C45 40 27
8266,21 37 41.6,C40 29 50
8279,21 38 25.0,C62 09 57
8267,21 38 37.4,C19 24 09
8264,21 38 44.1,07 46 14
8284,21 40 54.8,C43 21 30
8278,21 41 06.8,16 34 40
8317,21 42 11.2,C71 23 48
8254,21 43 28.1,77 18 23
8316,21 44 04.5,C58 51 55
8308,21 45 05.7,C09 57 38
8313,21 45 23.3,C17 26 08
8315,21 45 29.1,C25 43 51
8334,21 45 59.0,C61 12 24
8305,21 46 02.6,32 56 26
8335,21 47 28.7,C49 23 45
8322,21 48 03.6,16 02 33
8343,21 50 39.9,C30 15 40
8333,21 52 19.3,69 32 32
8356,21 53 54.4,C26 00 46
8351,21 54 18.2,13 27 50
8353,21 55 02.6,37 16 37
8371,21 55 30.6,C56 41 58
8368,21 59 09.9,54 54 13
8417,22 04 19.7,C64 43 07
8387,22 04 45.7,56 42 32
8426,22 05 34.3,C62 52 35
8428,22 05 43.1,C62 22 13
8414,22 06 44.0,00 13 46
8411,22 07 13.4,39 27 12
8418,22 07 26.0,13 46 45
8430,22 07 52.4,C25 26 10
8425,22 09 23.4,46 52 14
8431,22 09 27.5,32 53 51
8468,22 10 09.5,C72 25 57
8454,22 10 48.7,C33 16 10
8450,22 11 08.0,C06 17 22
8546,22 11 21.9,C86 12 00
8465,22 11 29.9,C58 17 34
8469,22 12 08.4,C59 30 22
8485,22 14 40.5,C39 48 26
8478,22 15 21.4,27 40 28
8494,22 15 43.3,C57 08 11
8498,22 16 46.7,C37 50 29
8499,22 17 48.5,07 41 26
8502,22 19 45.2,60 10 00
8481,22 22 00.1,80 20 47
8520,22 22 25.7,C12 17 56
8516,22 22 36.5,21 30 18
8518,22 22 36.7,01 17 37
8538,22 24 17.5,C52 19 20
8539,22 26 13.3,C01 28 19
8540,22 28 37.7,64 52 17
8552,22 29 43.9,39 02 15
8559,22 29 47.0,C00 04 31
8571,22 29 51.7,C58 30 37
8591,22 30 01.8,C78 55 10
8572,22 30 18.3,C47 48 07
8556,22 30 22.1,43 24 02
8560,22 30 51.3,43 39 14
8579,22 31 17.4,C43 13 07
8573,22 31 37.5,10 34 58
8585,22 32 03.5,C50 22 41
8576,22 32 33.2,32 15 02
8592,22 35 42.2,20 36 47
8615,22 36 13.5,C73 44 22
8597,22 36 18.4,00 01 18
8610,22 38 42.8,04 07 56
8627,22 39 18.7,C63 40 52
8622,22 40 05.7,C39 08 49
8626,22 40 24.7,C37 41 23
8632,22 41 19.7,C44 22 24
8628,22 41 40.5,26 56 48
8634,22 42 23.1,C10 55 42
8636,22 43 45.8,46 47 14
8650,22 43 52.3,C30 19 06
8656,22 44 55.2,C41 55 00
8667,22 47 25.5,C23 39 48
8665,22 47 37.1,C12 16 05
8630,22 47 50.7,81 17 02
8670,22 48 32.6,19 30 59
8675,22 49 39.8,51 13 09
8694,22 50 20.6,C66 17 53
8679,22 50 34.2,13 29 41
8684,22 50 53.9,C24 41 59
8685,22 52 05.0,39 03 30
8695,22 53 33.0,32 46 37
8698,22 53 34.7,07 28 51
8748,22 54 11.9,C84 26 42
8709,22 55 37.8,15 43 19
8720,22 56 58.1,32 26 26
8726,22 57 14.9,C49 49 57
8728,22 58 40.1,29 31 26
8732,22 59 36.5,35 25 28
8752,23 00 52.2,C57 02 42
8747,23 01 57.8,52 39 16
8762,23 02 46.6,C42 25 33
8767,23 04 31.0,34 38 57
8775,23 04 40.4,C28 11 00
8773,23 04 49.1,C03 55 12
8781,23 05 41.0,C15 18 18
8789,23 07 40.3,23 38 34
8787,23 07 54.9,43 25 13
8795,23 07 56.2,C09 30 35
8819,23 08 29.4,C75 29 16
8812,23 10 25.8,21 04 18
8820,23 11 23.9,45 08 46
8826,23 12 40.3,C08 49 15
8834,23 15 16.8,05 56 56
8841,23 16 51.6,08 59 12
8852,23 18 07.5,C03 23 01
8848,23 18 29.8,58 08 03
8858,23 18 51.8,09 04 53
8863,23 19 49.1,32 25 52
8865,23 19 55.4,09 30 34
8880,23 21 33.3,C23 50 30
8892,23 23 56.4,19 59 58
8904,23 25 40.1,C62 23 04
8905,23 26 18.3,C23 30 22
8906,23 27 01.0,20 32 26
8911,23 27 52.9,C01 21 25
8916,23 28 54.4,C06 28 51
8923,23 30 05.5,C12 51 46
8862,23 30 15.0,87 22 48
8924,23 30 29.4,04 25 55
8937,23 33 57.5,37 42 57
8952,23 35 47.9,C71 44 40
8949,23 36 03.9,42 30 45
8961,23 38 28.5,C46 33 31
8959,23 38 50.4,45 23 24
8965,23 39 03.0,C43 22 14
8974,23 40 07.5,C77 44 08
8969,23 40 54.2,C05 43 36
8976,23 41 19.5,C44 26 11
8975,23 41 36.2,31 58 15
8984,23 42 59.5,C01 52 55
8988,23 43 40.8,14 26 33
8998,23 45 09.5,18 10 27
9003,23 46 57.4,C46 31 23
9013,23 48 48.6,C67 54 35
9012,23 48 53.6,02 39 31
9016,23 49 53.2,28 01 41
9036,23 53 25.9,C19 13 23
9039,23 53 33.8,C11 03 01
9045,23 55 19.0,C57 36 08
9064,23 58 42.3,C25 14 39
9067,23 59 37.2,03 27 12
9069,23 59 52.9,52 38 33
